name,chapters,first_chapter,appearances,terrain,description
A Beckoning Signal Through the Stars,69,69,1,Cosmic,"Luminescent azure radiance from the twin moons above rippled hypnotically across the obsidian glass surface of the placid lake. Beside its mist-veiled shores, Uncle Matt and I reclined on cushions of violet moss, humming a shared meandering melody reminiscent of endless alien sunrises witnessed toge"
A Sojourn Upon the Sands,31,31,1,Desert,"As the first fiery fingers of dawn crested the distant hills, Uncle Matt paused at the edge of the rugged cliffs to gaze out across the endless ocean unfolding below. The emerald turf ended abruptly where eons of tireless tides had sheared away the stony headlands, leaving sheer rock faces plunging "
A Vision of the Future,4,4,1,Mixed,"The morning sun shone with blinding brightness as Uncle Matt and Bob The Magical Talking Turtle broke camp. Eager were they to resume the winding journey through the mountain pass ahead. As dawn illuminated the way forward, it revealed a maze made of towering stone columns and arches - all carved by"
Adrift Among the Stars,57,57,1,Cosmic,"Peering out the expansive viewport on the bridge, Bob watched in awe as the Cosmos Cruiser glided through a shimmering nebula, its colorful gaseous tendrils swirling hypnotically around them like a celestial kaleidoscope. She never tired of voyaging through the vast and majestic expanse of space. It"
Adventure Realm,"42,68,69",42,3,Mixed,
Below the Harvest Moon,9,9,1,Mixed,"As the last shimmering portal to the celestial realms faded into the early morning mist, Uncle Matt and Bob found themselves once again on the familiar, earthen paths of their own world. The vibrancy of the stars and ethereal skies gave way to the muted greens and grays of the Whispering Woods, now "
Beyond the Horizon,48,48,1,Mixed,"As Uncle Matt gazed upon the vast array of enchanted artifacts laid out before him, his mind wandered back through the many fantastical realms he and Bob had traversed to gather this extraordinary collection over their countless shared adventures. Each artifact laid before them glimmered with its ow"
Cataclysm's Core,55,55,1,Mixed,"As the four companions trekked through a bleak valley towards distant jagged peaks, an unnerving stillness hung in the air. Even the ruins here seemed different - melted and twisted as if an unimaginable heat had scorched the very bedrock eons prior. The shattered battlements and rivers of vitrified"
Caverns of the Skyfire Crystal,30,30,1,Dungeon,"As the sun ignited the distant horizon in molten gold, Matt paused upon the rugged trail and gazed westward, lost in thought. Many days had passed since he and Bob had fled through the flame-wreathed trees from the riverside carnival into the borderlands beyond. Never could he have dreamed their win"
Cerulean Sea,40,40,1,Water,
"Clouds

Silvery moonlight illuminated the distant spires of the mythical City",23,23,1,City,
Dance of the Desert Dunes,17,17,1,Desert,"The first faint glow of dawn crested the distant dunes, casting its rosy rays across the vast ocean of sand. Uncle Matt and Bob paused their trek to take deep swigs from their waterskins, relishing the cool liquid as it soothed parched throats after a long night's journey beneath the silent stars. T"
Dragon Wood,1,1,1,Mixed,
Dreams That Touch the Sky,12,12,1,Mixed,"As the first light of dawn painted the horizon with strokes of gold and crimson, Matt stood reflecting on the vibrant carnival night. The echoes of laughter and the crackling energy of the fire still lingered in his mind, a stark reminder of both the joys and the perils encountered. With the events "
Echoes of Power,66,66,1,Mixed,"Bob the Magical Talking Turtle stands poised at the very precipice of the unknown, peering out with patient wonder into the endless uncharted celestial depths of interstellar space as the elusive melodic ""Echoes of Eons"" ripple out through the eternal void. Their beckoning reverberations illuminate "
Echoes of the Ancients,54,54,1,Mixed,"As the foursome ventured deeper into the windswept ruins of Karastan, Bob gazed around in awe, feeling the weight of forgotten ages surrounding them. This shattered landscape was but a silent echo of its former glory. Crumbling statues of robed figures lined their path, eroded by time yet still exud"
Enchanted Wood,6,6,1,Mixed,
Ethereal Engine,63,63,1,Mixed,
Everwood,2,2,1,Mixed,
Farewell to Friends,56,56,1,Mixed,"Gazing pensively into the endless river of stars drifting by outside, Bob felt a familiar melancholy settle upon her. Since leaving James and Kayla behind on Karastan, an aching sorrow had remained in her heart. She dearly missed their days of adventure together. Bob softly murmured the memories tha"
Go Explore!,1,1,1,Mixed,"The morning sun crested over the distant Iron Mountains, scattering golden rays of light across the remote village of Cedar Hollow, stirring Uncle Matt from slumber. He awoke with a gleeful sparkle in his eye, eager to seize the possibilities that this new day would bring. While the villagers that h"
Grand Library,53,53,1,Mixed,
Great Nexus ahead,63,63,1,Mixed,
Harmonies of the Canyons,19,19,1,Valley,"The morning sun emerged over the distant mesas, casting long shadows across the undulating dunes. Uncle Matt paused atop a windswept ridge, gazing out upon the parched landscape. Somewhere within this sea of sand lay hidden the ruins of Celestia, lost city of legend. Taking heart from their steadfas"
James and Kayla steadfast friends was the highest honor we could have attained out here,56,56,1,Mixed,
Jersey Reveries,47,47,1,Mixed,"As Matt drifted off under glittering desert stars, his spirit sailed from the barren dunes to realms of unbridled imagination. He found himself emerging from a shady forest onto a sweeping vista of the majestic Pacific, its crystalline waves crashing rhythmically against craggy cliffs fringed by swa"
Luminar,42,42,1,Mixed,
Luminous Labyrinth,52,52,1,Dungeon,
Matt and Bob onward,40,40,1,Mixed,
Midnight Melodies,32,32,1,Mixed,"As dusk embraced the city, its orderly daily rhythms slipped into the sultry refrains of the night. Neon signs lining rain-slick streets blinked alight, casting vibrant hues over the citizenry. Music wafted through misty alleys, beckoning with earthy undertones and haunting melodies. This was the si"
Mirage Oasis,43,43,1,Desert,"After a short walk along the Sunset Shoreline, where the relentless sun blazed overhead, Uncle Matt and Bob found themselves venturing deep into the barren heart of the Desert of Echoes. Rivulets of sweat carved dusty trails down Matt's weathered face, but his dark eyes remained alert, scanning the "
Mirages of the Dune Sea,18,18,1,Desert,"As the first fiery fingers of dawn thrust over the distant dunes, staining the jagged horizon in molten gold, Matt paused atop a windswept crest and surveyed the endless ocean of sun-bleached sand unfurling before him. This was the Undying Desert, a sprawling and pitiless expanse that some called cu"
Mirages of the Endless Sands,16,16,1,Desert,"The brilliant desert sun beat down relentlessly as Uncle Matt and Bob the Magical Talking Turtle continued their arduous trek across the vast seas of undulating dunes. Wavering heat waves danced along the sandy horizon, blurring the line between reality and illusion. Mirages shimmered in the distanc"
Misty Forest,46,46,1,Forest,
Monks of the Raging Storm,53,53,1,Mixed,"A mournful wind howled across the barren plains of Planet Karastan as the Cosmos Cruiser descended through wispy clouds. Uncle Matt and Bob gazed out the viewport, surveying the rocky landscape dotted with crumbling ruins that looked older than time itself. ""According to the archives, this used to b"
Nine Sea,65,65,1,Water,
Pioneers of the Cosmos,49,49,1,Mixed,"As Uncle Matt and Bob gazed upon the vast expanse of starry space laid out before them, their minds drifted back through memories of the many fantastical ships and vessels they had traversed during their countless shared voyages. Each craft had carried its own spirit of adventure, custom designed by"
Primordial Particle Infusion,50,50,1,Mixed,
Rahil the Guardian in these lands,15,15,1,Mixed,
Revelations of the Ancients,20,20,1,Mixed,"The night wind keened mournfully through Celestia's dead streets, setting ancient chimes ringing faintly amidst the rubble. Uncle Matt paused to glance back at the hulking pyramid receding into darkness. Its accursed depths had yielded secrets both wondrous and terrible. ""Strange to think such anoma"
Rhythm of the Concrete Jungle,26,26,1,Mixed,"Emerging from the shadowy depths of the ancient labyrinth, Uncle Matt and Bob blinked against the dazzling kaleidoscope of neon lights bathing the bustling streets of Groove Glades. The twisting subterranean passages now lay far behind them, surrendered to echoing darkness. Though his sword arm ache"
Rhythms of the Desert Sands,44,44,1,Desert,"After bidding farewell to the ethereal guardian Alma, Matt and Bob departed the tranquil moonlit oasis to resume their epic quest. Ahead lay endless seas of undulating dunes beneath the vast shimmering desert sky. Though the unrelenting sun soon beat down from its apex overhead, the pair strode stea"
Runa,4,4,1,Mixed,
Salsaville Nights,37,37,1,Mixed,"As the ruby hue of dusk surrendered to twilight's deepening indigo blanket across the dusty wastes, Uncle Matt and Bob the Magical Talking Turtle crested a final dune. Before them, nestled in a fertile oasis valley, the distant torchlights of Salsaville glimmered like earthbound stars. Even from afa"
Sanctuary of the Spirits,28,28,1,Mixed,"Matt awoke to sunlight filtering through swaying palm fronds. The gentle susurration of waves caressed the shore just paces from his bed. For a moment he thought himself aboard a ship at sea, until memories of last evening came flooding back. After bidding farewell to the gleaming metropolis, he and"
Spectral Showdown,65,65,1,Mixed,"Guided by the Key of Clarity's rippling fractal resonance, the Cosmos Cruiser glided gracefully through the star-flecked darkness of interstellar space. At the helm, Bob the Magical Talking Turtle carefully adjusted the ship's heading, her emerald eyes fixed on the navsphere's swirling readouts. Eac"
Sunshade Haven,45,45,1,Mixed,"The morning sun peered over the distant dunes, casting its radiant glow across the desert sands. Uncle Matt paused atop the windswept ridge, shielding his eyes as he gazed westward. There, on the horizon, nestled between the rolling sea of dunes and the towering cliffs, sprawled a bustling town unli"
The Adventure Realm,48,48,1,Mixed,
The Beams of Choice,63,63,1,Mixed,"The sun crested over Levitaria's glittering crystalline spires in a dazzling corona of prismatic radiance, sending cascading rainbows dancing through the streets far below as if the dawn itself rejoiced at reaching this city once more. Bob the Magical Talking Turtle paused to take in the majestic si"
The Carnival of Wonders,11,11,1,Mixed,"Carrying the melodies of the vibrant crossroads town in their hearts, Matt and Bob left the bustling market behind, the echoes of shared songs and laughter warming their spirits. As they wandered through sweeping grassy plains, the familiar thrill of discovery spurred them on. Cresting a hill, their"
The City in the Clouds,23,23,1,City,"Silvery moonlight illuminated the distant spires of the mythical City in the Clouds, floating ethereally atop the mist-shrouded peak. Uncle Matt gazed at the celestial metropolis, heart swelling with hope and trepidation in equal measure. Beside him stood Bob the Magical Talking Turtle, her emerald "
The City of Dreams,24,24,1,City,"The first hints of dawn were just breaking as Uncle Matt and Bob the Magical Talking Turtle emerged from the shadowed alleyways onto a broad avenue. After narrowly escaping the monstrous creatures in the dead of night on Celebration Isle, they had immediately set sail, putting leagues between themse"
The Cosmic Symphony,64,64,1,Cosmic,"Guided by the Key of Clarity's rippling fractal resonance, the Cosmos Cruiser glided gracefully through the star-flecked darkness of interstellar space. At the helm, Bob carefully adjusted the ship's heading, her emerald eyes bright with an explorer's restless spirit despite countless cycles around "
The Cosmos Cruiser,50,50,1,Mixed,"As the shimmering light of the transmat beam faded, Uncle Matt and Bob found themselves standing aboard a magnificent starship hanging in the void. After their harrowing rescue of the lost Starram crew, it was decided a brief respite was in order before continuing their endless voyage into the unkno"
The Crescent Oasis,45,45,1,Desert,
The Crossroads of Cultures,10,10,1,Mixed,"The early morning light caught the vibrant hues of the bustling crossroads town as Matt and Bob entered its lively boundaries. The town, a melting pot where cultures and peoples from diverse realms mingled, seemed to pulse with the same vibrant energy that had tinged their celestial adventures. This"
The Desert of Echoes,40,40,1,Desert,"Leaving the sylvan sanctuary of Eventide's mist-veiled shore, Uncle Matt and Bob the Magical Talking Turtle set their humble fishing skiff's prow towards distant horizons beyond the Cerulean Sea, guided as ever by the immutable stars above. Their aged vessel slid across shimmering azure swells into "
The Digital Sea,25,25,1,Water,"Neon lights bathed the bustling metropolis in a kaleidoscope of color as Uncle Matt gazed out over the vibrant cityscape. Holographic billboards danced and shimmered, casting their technicolor glow across the maze of towering skyscrapers. This futuristic world felt like something from the fanciful p"
The Enchantment of the Cerulean Stones,39,39,1,Mixed,"The first luminous rays of dawn spilled over distant rolling hills dotted with weathered monoliths of azure stone, bathing the mystical Isle of Eventide in soft honeyed light. All around Uncle Matt and Bob the Magical Turtle, ethereal mist swirled and drifted between ancient oak trees bearded thickl"
The Enigma of Celestial Harmonies,8,8,1,Mixed,"As the veil of slumber lifted from the land and the chorus of dawn's first light sang through the Whispering Woods, Uncle Matt and Bob felt the ephemeral peace of the Tranquil Grove dissolve into the crisp morning air. They carried with them the serene echoes of the grove, a harmonious contrast to t"
The Ethereal Engine,62,62,1,Mixed,"An ominous stillness hung in the ancient subterranean hollows beneath Levitaria's crystalline spires, a heavy silence almost beyond natural conception. The very air itself seemed dense and motionless, untouched by wind or life for untold eons. Bob the Magical Talking Turtle felt an instinctive warin"
The Forest's Hidden Harmony,6,6,1,Forest,"Upon breaking camp, after their experiences over the Dragon's Crag, Matt and Bob had little time to savor victory. Troubling rumors plagued the roads and inns along their journey, whispers of creatures not seen for an age raiding livestock in the night. Matt's experience told him these were likely o"
The Frozen Sanctum of Secrets,36,36,1,Mixed,"As the pale arctic moon sank below the horizon, its luminous glow gradually surrendered the night sky to more ancient sources of light. Curtains of radiance began rippling across the firmament, conjured by forces beyond most mortals' comprehension. Hues of emerald, azure and violet danced in spectra"
The Goblin Ambush!,2,2,1,Mixed,"As dawn's first faint glow crept over the craggy Misty Mountain peaks, soft golden light gently enveloped the remote mountain pass where they had made camp. Matt awoke from a light slumber to see the rising sun slowly reveal the breathtaking vistas surrounding their campsite. For two days now, since"
The Isle of Celebration,27,27,1,Island,"Bob let her flippers dangle in the cool water, appreciating its soothing caress. She gazed back at the island's golden shoreline diminishing behind them. ""Hard to believe such an idyllic place still exists in these darkening days,"" she mused. ""Makes you wonder how long it can endure."" Uncle Matt nod"
The Labyrinth of Levitaria,59,59,1,Dungeon,"The morning sun crested over the mist-shrouded valley, casting rays of light across the ancient stone pillars marking the entrance to Levitaria's fabled Labyrinth. Uncle Matt paused before the towering monoliths, weathered with age, and ran his fingers over the intricate runes carved into their faca"
The Labyrinth's Lure,33,33,1,Dungeon,"Stepping into the moonlit town square, Uncle Matt paused to take in the sight of the magnificent stone labyrinth rising before them. Twisted passages wound through its towering walls, daring adventure seekers to uncover its secrets. Strange runes and glyphs adorned the weathered masonry, symbols fro"
The Lake of Echoes,35,35,1,Water,"Emerging from the shadowy depths of the ancient labyrinth, Uncle Matt blinked against the silvery moonlight bathing the silent town square. The twisted passages now lay far behind them, surrendered to the darkness. Though his sword arm ached from countless clashes in those lightless tunnels against "
The Lake's Hidden Harmony,21,21,1,Water,"The sun glinted off the still surface of Serenity Lake, casting dappled reflections that danced with the gentle breeze. Uncle Matt sat with his back against a towering oak, fingers plucking idly at his father's silver lute. The impromptu melody emerging from its strings complemented the serene scene"
The Library of Light,60,60,1,Mixed,"Silence reigned in the fathomless ocean of space as Uncle Matt and Bob's starship drifted through the endless night between galaxies. Out here, even the familiar constellations were strangers, the patterns and shapes they had known since childhood now shifted and scattered into unrecognizable forms."
The Library of the Ages,61,61,1,Mixed,"An oppressive silence pervaded the endless subterranean hollows and vertiginous plunging stairwells of Levitaria's fabled Library of Light. In the vast, cavernous spaces carved deep into the planet's ancient crust over countless millennia, motes of primordial dust danced lazily through the utterly s"
The Luminous Labyrinth,52,52,1,Dungeon,The twin suns of Echolore had already crested the distant jagged peaks by the time Uncle Matt and Bob emerged from the planet's extensive crystal archives. Their minds still swam with the echoes of whispered tales from ages past as they paused atop a hill to take in the landscape's renewed brillianc
The Mirrored Planet,51,51,1,Mixed,"As the Cosmos Cruiser drifted through the swirling eddies of folded space-time, Matt gently strummed an ethereal melody upon his Mithril Lute while Bob monitored the temporal flow readings from the navigation console. They had voyaged far beyond charted reaches of the known cosmos, sailing endless o"
The Orchard of Evermore,13,13,1,Mixed,"As the blazing orb of the relentless sun finally dipped below the horizon, Matt and Bob continued their journey, the light fading from the vast desert sky. Reflecting on their recent departure from the village, where they had left behind echoes of laughter and the warmth of newfound camaraderie, the"
The Path Unveiled,34,34,1,Mixed,"Emerging from the shadowy depths of the ancient labyrinth, Uncle Matt blinked against the silvery moonlight bathing the silent town square. The twisted passages now lay far behind them, surrendered to the darkness. Though his sword arm ached from countless clashes in those lightless tunnels against "
The Rhythms of Camarinda,14,14,1,Mixed,"As the last sweet echoes of the wild orchard faded behind the travelers, the winding forest trail gradually gave way to gentle hills blanketed in swaying grasses and bright carpets of wildflowers. Cresting a rise, Matt and Bob saw a small town unfurl in the rolling valley below - streets and alleys "
The Road Less Traveled,46,46,1,Mixed,"The morning sun peered through the embroidered curtains, casting a warm glow across the cozy room. Uncle Matt paused in packing his worn rucksack, taking in the humble furnishings of their snug sanctuary one last time. Though the decision to depart Sunshade Haven stirred melancholy in his heart, the"
The Shifting Sands,15,15,1,Desert,"The desert sun beat down from its zenith, scorching the undulating dunes. Matt raised a hand to shield his eyes, squinting against the searing glare. Beside him, Bob's leathery limbs sank heavily into the soft sand with each labored step, beads of sweat glistening on her emerald shell. For hours the"
The Soul of Levitaria,58,58,1,Mixed,"The Cosmos Cruiser drifted silently through the inky blackness of space, carrying its stalwart crew ever deeper into uncharted territories. At the helm, Uncle Matt scanned the instruments with a furrowed brow as he guided their intrepid vessel towards the coordinates of their next destination - the "
The Timepiece of Eons,29,29,1,Mixed,"An aura of unearthly stillness hung over the narrow cobblestone streets as Uncle Matt and Bob the Magical Talking Turtle first entered the remote village. Where other towns and settlements would normally be bustling with life whatever the hour, here time itself seemed completely arrested, not merely"
The Valley of Illusions,22,22,1,Valley,"A kaleidoscope of color swirled before Matt's eyes as he gazed out across the vista. Vibrant hues shifted and blended, painting the valley floor in ever-changing patterns. Beside him, Bob let out a delighted gasp. ""Oh, what wonders we do see, our hearts filled with delight!"" she exclaimed. ""This val"
The Verdant Sanctum of Lushwood,41,41,1,Mixed,"Leaving behind the sun-scorched dunes that stretched to the horizon in every direction, Uncle Matt and Bob the Magical Talking Turtle turned their weary steps northward over rising foothills flowing steadily upwards like solidified waves frozen in time. Gone was the endless sea of sand that had test"
The Volcano's Breath!,5,5,1,Mixed,"The first crimson rays of dawn crested the mountain peaks, casting warming light over the sheltered dell where Uncle Matt and Bob the Magical Talking Turtle had passed the night. With practiced efficiency honed over countless shared journeys, they swiftly struck camp and consumed a humble breakfast "
The Whispering Woods,42,42,1,Forest,"Continuing on a wooded path, Uncle Matt and Bob the Magical Talking Turtle ventured eastward into the ancient, beckoning depths of the Whispering Woods. All around them rose towering oaks, elms and ashes, their gnarled branches interwoven overhead to form a majestic cathedral ceiling of rustling eme"
The Whispers of the Tranquil Grove!,7,7,1,Forest,"After bidding their mystical woodland hosts farewell, Matt and Bob emerged from the faded grandeur of the fairy Shi'an's domain with lighter hearts. The ancient trees welcomed them back into their sheltering embrace, as the first bright rays of dawn began filtering through the awakening forest. Matt"
The Witch's Curse!,3,3,1,Mixed,"After parting ways with the cryptic elder Everwood, Matt and Bob made their way out of the mountains and back toward familiar lands. The farther they went from the misty peaks, the lighter Matt's spirits became. Everwood's ominous warnings still lingered in his thoughts, but seemed less foreboding s"
Trivia Tricksters,67,67,1,Mixed,"Having finally eluded their sinister pursuers from the Stygian Expanse, Uncle Matt eased back on the throttle as he and Bob entered standard orbit around a small, verdant planet on the Galactic Fringe. ""According to the ship's scans, this world appears completely uninhabited,"" Matt remarked, reviewi"
Under the Life-Giving Glow of the Twin Moons,68,68,1,Mixed,"Beneath the gentle radiance of the planet's twin moons, their pearly azure glow rippling in hypnotic patterns across the dark mirrored surface of the placid lake, I reclined comfortably beside Uncle Matt on thick cushions of luminescent violet moss near the sandy shore. Together we hummed a slow, me"
Verdant City,16,16,1,City,
Whispering Woods,8,8,1,Forest,
Zarak now ruled this demesne through dark machinations,21,21,1,Mixed,
